{"cameraMode":{"drawMode":0,"name":"Shaded","section":"Shading Mode"},"sceneLighting":false,"audioPlay":false,"sceneViewState":{"showFog":true,"showMaterialUpdate":false,"showSkybox":false,"showFlares":true,"showImageEffects":true,"showParticleSystems":true},"in2DMode":false,"pivot":{"x":-8.783327102661133,"y":2.868455410003662,"z":0.0},"rotation":{"x":0.19101577997207642,"y":-0.033553287386894229,"z":0.006532624829560518,"w":0.9809956550598145},"size":1.218605637550354,"orthographic":false}