{"cameraMode":{"drawMode":0,"name":"Shaded","section":"Shading Mode"},"sceneLighting":false,"audioPlay":false,"sceneViewState":{"showFog":true,"showMaterialUpdate":false,"showSkybox":false,"showFlares":true,"showImageEffects":true,"showParticleSystems":true},"in2DMode":false,"pivot":{"x":-0.22742247581481934,"y":2.7204208374023439,"z":0.0},"rotation":{"x":-0.0002485528530087322,"y":0.9782780408859253,"z":-0.20729555189609528,"w":-0.001172962598502636},"size":25.964435577392579,"orthographic":false}