{"cameraMode":{"drawMode":0,"name":"Shaded","section":"Shading Mode"},"sceneLighting":false,"audioPlay":false,"sceneViewState":{"showFog":true,"showMaterialUpdate":false,"showSkybox":false,"showFlares":true,"showImageEffects":true,"showParticleSystems":true},"in2DMode":false,"pivot":{"x":-0.22742247581481934,"y":2.7204208374023439,"z":0.0},"rotation":{"x":-0.09831508249044419,"y":0.12859810888767243,"z":-0.012813098728656769,"w":-0.9867293238639832},"size":25.859386444091798,"orthographic":false}