{"cameraMode":{"drawMode":0,"name":"Shaded","section":"Shading Mode"},"sceneLighting":false,"audioPlay":false,"sceneViewState":{"showFog":true,"showMaterialUpdate":false,"showSkybox":false,"showFlares":true,"showImageEffects":true,"showParticleSystems":true},"in2DMode":false,"pivot":{"x":-7.646208763122559,"y":2.8552021980285646,"z":0.17547018826007844},"rotation":{"x":-0.3706190884113312,"y":0.024235034361481668,"z":-0.009671893902122975,"w":-0.928424060344696},"size":17.801733016967775,"orthographic":false}