{"cameraMode":{"drawMode":0,"name":"Shaded","section":"Shading Mode"},"sceneLighting":false,"audioPlay":false,"sceneViewState":{"showFog":true,"showMaterialUpdate":false,"showSkybox":false,"showFlares":true,"showImageEffects":true,"showParticleSystems":true},"in2DMode":false,"pivot":{"x":3.791144847869873,"y":2.7355570793151857,"z":-20.650070190429689},"rotation":{"x":-0.6397930383682251,"y":-0.07093451172113419,"z":0.05950203910470009,"w":-0.7629788517951965},"size":40.33657455444336,"orthographic":false}