{"cameraMode":{"drawMode":0,"name":"Shaded","section":"Shading Mode"},"sceneLighting":false,"audioPlay":false,"sceneViewState":{"showFog":true,"showMaterialUpdate":false,"showSkybox":false,"showFlares":true,"showImageEffects":true,"showParticleSystems":true},"in2DMode":false,"pivot":{"x":-3.18267822265625,"y":2.2780070304870607,"z":-1.3829567432403565},"rotation":{"x":0.41299310326576235,"y":-0.4213744103908539,"z":0.22440211474895478,"w":0.7755927443504334},"size":4.541130065917969,"orthographic":false}