{"cameraMode":{"drawMode":0,"name":"Shaded","section":"Shading Mode"},"sceneLighting":false,"audioPlay":false,"sceneViewState":{"showFog":true,"showMaterialUpdate":false,"showSkybox":false,"showFlares":true,"showImageEffects":true,"showParticleSystems":true},"in2DMode":false,"pivot":{"x":-10.32342529296875,"y":0.28084710240364077,"z":-2.5056512355804445},"rotation":{"x":0.18080036342144013,"y":-0.1756812185049057,"z":0.03285152465105057,"w":0.967159628868103},"size":14.97368049621582,"orthographic":false}