{"cameraMode":{"drawMode":0,"name":"Shaded","section":"Shading Mode"},"sceneLighting":false,"audioPlay":false,"sceneViewState":{"showFog":true,"showMaterialUpdate":false,"showSkybox":false,"showFlares":true,"showImageEffects":true,"showParticleSystems":true},"in2DMode":false,"pivot":{"x":-1.0444188117980958,"y":0.4967048168182373,"z":-1.9010891914367676},"rotation":{"x":-0.05427612364292145,"y":-0.01587834395468235,"z":0.0008634154219180346,"w":-0.9984010457992554},"size":1.2148504257202149,"orthographic":false}