{"cameraMode":{"drawMode":0,"name":"Shaded","section":"Shading Mode"},"sceneLighting":false,"audioPlay":false,"sceneViewState":{"showFog":true,"showMaterialUpdate":false,"showSkybox":false,"showFlares":true,"showImageEffects":true,"showParticleSystems":true},"in2DMode":false,"pivot":{"x":0.7653736472129822,"y":1.0024362802505494,"z":-2.7923126220703127},"rotation":{"x":-0.18295520544052125,"y":0.09186923503875733,"z":-0.017174215987324716,"w":-0.9786695837974548},"size":2.0647952556610109,"orthographic":false}