{"cameraMode":{"drawMode":0,"name":"Shaded","section":"Shading Mode"},"sceneLighting":true,"audioPlay":false,"sceneViewState":{"showFog":true,"showMaterialUpdate":false,"showSkybox":true,"showFlares":true,"showImageEffects":true,"showParticleSystems":true},"in2DMode":false,"pivot":{"x":2.892934560775757,"y":4.494056224822998,"z":13.04629135131836},"rotation":{"x":-0.17194050550460816,"y":0.010931802913546563,"z":-0.0019084453815594316,"w":-0.9850476980209351},"size":36.853179931640628,"orthographic":false}