{"cameraMode":{"drawMode":0,"name":"Shaded","section":"Shading Mode"},"sceneLighting":false,"audioPlay":false,"sceneViewState":{"showFog":true,"showMaterialUpdate":false,"showSkybox":false,"showFlares":true,"showImageEffects":true,"showParticleSystems":true},"in2DMode":false,"pivot":{"x":0.34400081634521487,"y":2.5649027824401857,"z":2.3552935123443605},"rotation":{"x":-0.4065884053707123,"y":0.12167374789714813,"z":-0.054703015834093097,"w":-0.9038676023483276},"size":4.5155534744262699,"orthographic":false}