{"cameraMode":{"drawMode":0,"name":"Shaded","section":"Shading Mode"},"sceneLighting":false,"audioPlay":false,"sceneViewState":{"showFog":true,"showMaterialUpdate":false,"showSkybox":false,"showFlares":true,"showImageEffects":true,"showParticleSystems":true},"in2DMode":false,"pivot":{"x":-3.18267822265625,"y":2.2780070304870607,"z":-1.3829567432403565},"rotation":{"x":-0.2480626404285431,"y":0.08705335110425949,"z":-0.02236156165599823,"w":-0.9645984768867493},"size":4.541130065917969,"orthographic":false}