{"cameraMode":{"drawMode":0,"name":"Shaded","section":"Shading Mode"},"sceneLighting":false,"audioPlay":false,"sceneViewState":{"showFog":true,"showMaterialUpdate":false,"showSkybox":false,"showFlares":true,"showImageEffects":true,"showParticleSystems":true},"in2DMode":false,"pivot":{"x":-3.045811176300049,"y":1.5354018211364747,"z":-1.770571231842041},"rotation":{"x":-0.4191887080669403,"y":0.04929410293698311,"z":-0.022711658850312234,"w":-0.9063198566436768},"size":7.157555103302002,"orthographic":false}